"","SNP","chr","pos","beta.outcome","se.outcome","samplesize.outcome","pval.outcome","eaf.outcome","effect_allele.outcome","other_allele.outcome","outcome","id.outcome","originalname.outcome","outcome.deprecated","mr_keep.outcome","data_source.outcome"
"1","rs2111485","2","163110536",0.0048,0.0042,37037,0.2542,0.615,"G","A","Homeostasis model assessment of insulin resistance || id:ebi-a-GCST005179","ebi-a-GCST005179","Homeostasis model assessment of insulin resistance","Homeostasis model assessment of insulin resistance ||  || ",TRUE,"igd"
"2","rs17020139","1","108369483",-0.0032,0.0067,37037,0.6304,0.076,"A","G","Homeostasis model assessment of insulin resistance || id:ebi-a-GCST005179","ebi-a-GCST005179","Homeostasis model assessment of insulin resistance","Homeostasis model assessment of insulin resistance ||  || ",TRUE,"igd"
"3","rs4320727","1","25351581",0.0016,0.0043,37037,0.7072,0.385,"A","G","Homeostasis model assessment of insulin resistance || id:ebi-a-GCST005179","ebi-a-GCST005179","Homeostasis model assessment of insulin resistance","Homeostasis model assessment of insulin resistance ||  || ",TRUE,"igd"
"4","rs7582694","2","191970120",0.0019,0.0047,37037,0.691301,0.779,"G","C","Homeostasis model assessment of insulin resistance || id:ebi-a-GCST005179","ebi-a-GCST005179","Homeostasis model assessment of insulin resistance","Homeostasis model assessment of insulin resistance ||  || ",TRUE,"igd"
"5","rs10956412","8","129162497",0.0024,0.0058,37037,0.6772,0.85,"C","A","Homeostasis model assessment of insulin resistance || id:ebi-a-GCST005179","ebi-a-GCST005179","Homeostasis model assessment of insulin resistance","Homeostasis model assessment of insulin resistance ||  || ",TRUE,"igd"
"6","rs10761620","10","64057202",-0.003,0.0042,37037,0.4734,0.558,"G","A","Homeostasis model assessment of insulin resistance || id:ebi-a-GCST005179","ebi-a-GCST005179","Homeostasis model assessment of insulin resistance","Homeostasis model assessment of insulin resistance ||  || ",TRUE,"igd"
"7","rs9562955","13","50811155",-0.0047,0.0078,37037,0.5433,0.097,"T","G","Homeostasis model assessment of insulin resistance || id:ebi-a-GCST005179","ebi-a-GCST005179","Homeostasis model assessment of insulin resistance","Homeostasis model assessment of insulin resistance ||  || ",TRUE,"igd"
"8","rs1257926","14","98692996",0.0098,0.004,37037,0.0143599,0.473,"A","G","Homeostasis model assessment of insulin resistance || id:ebi-a-GCST005179","ebi-a-GCST005179","Homeostasis model assessment of insulin resistance","Homeostasis model assessment of insulin resistance ||  || ",TRUE,"igd"
"9","rs4804433","19","7240776",0.0022,0.005,37037,0.6631,0.28,"T","G","Homeostasis model assessment of insulin resistance || id:ebi-a-GCST005179","ebi-a-GCST005179","Homeostasis model assessment of insulin resistance","Homeostasis model assessment of insulin resistance ||  || ",TRUE,"igd"
"10","rs8054578","16","79316815",-0.0032,0.0048,37037,0.5034,0.748,"G","A","Homeostasis model assessment of insulin resistance || id:ebi-a-GCST005179","ebi-a-GCST005179","Homeostasis model assessment of insulin resistance","Homeostasis model assessment of insulin resistance ||  || ",TRUE,"igd"
"11","rs10424978","19","4837557",-0.0083,0.0045,37037,0.0631495,0.438,"A","C","Homeostasis model assessment of insulin resistance || id:ebi-a-GCST005179","ebi-a-GCST005179","Homeostasis model assessment of insulin resistance","Homeostasis model assessment of insulin resistance ||  || ",TRUE,"igd"
"12","rs11782370","8","23370018",-0.0034,0.0051,37037,0.5054,0.25,"T","C","Homeostasis model assessment of insulin resistance || id:ebi-a-GCST005179","ebi-a-GCST005179","Homeostasis model assessment of insulin resistance","Homeostasis model assessment of insulin resistance ||  || ",TRUE,"igd"
"13","rs7649344","3","37006396",-6e-04,0.004,37037,0.8881,0.522,"C","T","Homeostasis model assessment of insulin resistance || id:ebi-a-GCST005179","ebi-a-GCST005179","Homeostasis model assessment of insulin resistance","Homeostasis model assessment of insulin resistance ||  || ",TRUE,"igd"
"14","rs244672","5","133419283",-0.0074,0.0055,37037,0.1739,0.133,"T","C","Homeostasis model assessment of insulin resistance || id:ebi-a-GCST005179","ebi-a-GCST005179","Homeostasis model assessment of insulin resistance","Homeostasis model assessment of insulin resistance ||  || ",TRUE,"igd"
"15","rs4794063","17","45804494",0.0021,0.0045,37037,0.643101,0.267,"T","C","Homeostasis model assessment of insulin resistance || id:ebi-a-GCST005179","ebi-a-GCST005179","Homeostasis model assessment of insulin resistance","Homeostasis model assessment of insulin resistance ||  || ",TRUE,"igd"
"16","rs3093665","6","31545391",0.0059,0.021,37037,0.781601,0.987,"C","A","Homeostasis model assessment of insulin resistance || id:ebi-a-GCST005179","ebi-a-GCST005179","Homeostasis model assessment of insulin resistance","Homeostasis model assessment of insulin resistance ||  || ",TRUE,"igd"
"17","rs2859072","6","32703313",0.0012,0.0043,37037,0.7866,0.271,"A","G","Homeostasis model assessment of insulin resistance || id:ebi-a-GCST005179","ebi-a-GCST005179","Homeostasis model assessment of insulin resistance","Homeostasis model assessment of insulin resistance ||  || ",TRUE,"igd"
"18","rs1724088","6","36978745",0.0078,0.005,37037,0.1164,0.339,"A","G","Homeostasis model assessment of insulin resistance || id:ebi-a-GCST005179","ebi-a-GCST005179","Homeostasis model assessment of insulin resistance","Homeostasis model assessment of insulin resistance ||  || ",TRUE,"igd"
"19","rs12191243","6","135446826",0.011,0.0047,37037,0.0243899,0.763,"G","C","Homeostasis model assessment of insulin resistance || id:ebi-a-GCST005179","ebi-a-GCST005179","Homeostasis model assessment of insulin resistance","Homeostasis model assessment of insulin resistance ||  || ",TRUE,"igd"
"20","rs10930013","2","162070325",7e-04,0.004,37037,0.8649,0.442,"A","G","Homeostasis model assessment of insulin resistance || id:ebi-a-GCST005179","ebi-a-GCST005179","Homeostasis model assessment of insulin resistance","Homeostasis model assessment of insulin resistance ||  || ",TRUE,"igd"
"21","rs6603785","1","1186502",0.007,0.013,37037,0.579101,0.884,"T","A","Homeostasis model assessment of insulin resistance || id:ebi-a-GCST005179","ebi-a-GCST005179","Homeostasis model assessment of insulin resistance","Homeostasis model assessment of insulin resistance ||  || ",TRUE,"igd"
"22","rs367023","2","8450123",6e-04,0.0043,37037,0.8823,0.661,"G","A","Homeostasis model assessment of insulin resistance || id:ebi-a-GCST005179","ebi-a-GCST005179","Homeostasis model assessment of insulin resistance","Homeostasis model assessment of insulin resistance ||  || ",TRUE,"igd"
"23","rs1599795","3","119243855",-0.0025,0.0048,37037,0.6083,0.158,"A","T","Homeostasis model assessment of insulin resistance || id:ebi-a-GCST005179","ebi-a-GCST005179","Homeostasis model assessment of insulin resistance","Homeostasis model assessment of insulin resistance ||  || ",TRUE,"igd"
"24","rs1032129","8","119951900",-0.0012,0.0041,37037,0.761001,0.683,"C","A","Homeostasis model assessment of insulin resistance || id:ebi-a-GCST005179","ebi-a-GCST005179","Homeostasis model assessment of insulin resistance","Homeostasis model assessment of insulin resistance ||  || ",TRUE,"igd"
"25","rs1810396","8","133918769",-0.0015,0.0045,37037,0.746299,0.628,"G","A","Homeostasis model assessment of insulin resistance || id:ebi-a-GCST005179","ebi-a-GCST005179","Homeostasis model assessment of insulin resistance","Homeostasis model assessment of insulin resistance ||  || ",TRUE,"igd"
"26","rs9697210","9","131468740",-0.024,0.013,37037,0.0677907,0.135,"A","G","Homeostasis model assessment of insulin resistance || id:ebi-a-GCST005179","ebi-a-GCST005179","Homeostasis model assessment of insulin resistance","Homeostasis model assessment of insulin resistance ||  || ",TRUE,"igd"
"27","rs2234167","1","2494330",-0.008,0.0059,37037,0.1736,0.111,"A","G","Homeostasis model assessment of insulin resistance || id:ebi-a-GCST005179","ebi-a-GCST005179","Homeostasis model assessment of insulin resistance","Homeostasis model assessment of insulin resistance ||  || ",TRUE,"igd"
"28","rs3775291","4","187004074",-0.0017,0.0043,37037,0.695799,0.372,"T","C","Homeostasis model assessment of insulin resistance || id:ebi-a-GCST005179","ebi-a-GCST005179","Homeostasis model assessment of insulin resistance","Homeostasis model assessment of insulin resistance ||  || ",TRUE,"igd"
"29","rs6452444","5","71685736",-0.0018,0.0046,37037,0.6938,0.776,"C","T","Homeostasis model assessment of insulin resistance || id:ebi-a-GCST005179","ebi-a-GCST005179","Homeostasis model assessment of insulin resistance","Homeostasis model assessment of insulin resistance ||  || ",TRUE,"igd"
"30","rs1561924","8","129569371",4e-04,0.0058,37037,0.9477,0.175,"A","G","Homeostasis model assessment of insulin resistance || id:ebi-a-GCST005179","ebi-a-GCST005179","Homeostasis model assessment of insulin resistance","Homeostasis model assessment of insulin resistance ||  || ",TRUE,"igd"
"31","rs7850258","9","100549013",-0.0043,0.0042,37037,0.3047,0.633,"G","A","Homeostasis model assessment of insulin resistance || id:ebi-a-GCST005179","ebi-a-GCST005179","Homeostasis model assessment of insulin resistance","Homeostasis model assessment of insulin resistance ||  || ",TRUE,"igd"
"32","rs6111715","20","17860022",0.0038,0.0073,37037,0.6074,0.233,"C","G","Homeostasis model assessment of insulin resistance || id:ebi-a-GCST005179","ebi-a-GCST005179","Homeostasis model assessment of insulin resistance","Homeostasis model assessment of insulin resistance ||  || ",TRUE,"igd"
"33","rs6739788","2","55862355",0.0029,0.0091,37037,0.7503,0.956,"T","A","Homeostasis model assessment of insulin resistance || id:ebi-a-GCST005179","ebi-a-GCST005179","Homeostasis model assessment of insulin resistance","Homeostasis model assessment of insulin resistance ||  || ",TRUE,"igd"
"34","rs6798068","3","108162362",0.0033,0.0043,37037,0.4433,0.314,"A","G","Homeostasis model assessment of insulin resistance || id:ebi-a-GCST005179","ebi-a-GCST005179","Homeostasis model assessment of insulin resistance","Homeostasis model assessment of insulin resistance ||  || ",TRUE,"igd"
"35","rs2284169","6","30172385",8e-04,0.0053,37037,0.8753,0.85,"C","A","Homeostasis model assessment of insulin resistance || id:ebi-a-GCST005179","ebi-a-GCST005179","Homeostasis model assessment of insulin resistance","Homeostasis model assessment of insulin resistance ||  || ",TRUE,"igd"
"36","rs1050976","6","408079",-5e-04,0.0041,37037,0.8994,0.491,"T","C","Homeostasis model assessment of insulin resistance || id:ebi-a-GCST005179","ebi-a-GCST005179","Homeostasis model assessment of insulin resistance","Homeostasis model assessment of insulin resistance ||  || ",TRUE,"igd"
"37","rs12697352","5","35837234",-0.0082,0.0042,37037,0.0523697,0.283,"A","G","Homeostasis model assessment of insulin resistance || id:ebi-a-GCST005179","ebi-a-GCST005179","Homeostasis model assessment of insulin resistance","Homeostasis model assessment of insulin resistance ||  || ",TRUE,"igd"
"38","rs10036386","5","76543603",-0.0015,0.0042,37037,0.721499,0.458,"T","C","Homeostasis model assessment of insulin resistance || id:ebi-a-GCST005179","ebi-a-GCST005179","Homeostasis model assessment of insulin resistance","Homeostasis model assessment of insulin resistance ||  || ",TRUE,"igd"
"39","rs4820437","22","41761290",0.0067,0.0047,37037,0.1548,0.739,"C","T","Homeostasis model assessment of insulin resistance || id:ebi-a-GCST005179","ebi-a-GCST005179","Homeostasis model assessment of insulin resistance","Homeostasis model assessment of insulin resistance ||  || ",TRUE,"igd"
"40","rs761357","6","135902599",1e-04,0.0043,37037,0.981,0.667,"T","A","Homeostasis model assessment of insulin resistance || id:ebi-a-GCST005179","ebi-a-GCST005179","Homeostasis model assessment of insulin resistance","Homeostasis model assessment of insulin resistance ||  || ",TRUE,"igd"
"41","rs3784099","14","68749927",0.0012,0.0043,37037,0.7758,0.305,"A","G","Homeostasis model assessment of insulin resistance || id:ebi-a-GCST005179","ebi-a-GCST005179","Homeostasis model assessment of insulin resistance","Homeostasis model assessment of insulin resistance ||  || ",TRUE,"igd"
"42","rs11256448","10","6079479",-0.0045,0.0046,37037,0.3286,0.783,"G","A","Homeostasis model assessment of insulin resistance || id:ebi-a-GCST005179","ebi-a-GCST005179","Homeostasis model assessment of insulin resistance","Homeostasis model assessment of insulin resistance ||  || ",TRUE,"igd"
"43","rs4409785","11","95311422",0.012,0.0064,37037,0.0687797,0.858,"C","T","Homeostasis model assessment of insulin resistance || id:ebi-a-GCST005179","ebi-a-GCST005179","Homeostasis model assessment of insulin resistance","Homeostasis model assessment of insulin resistance ||  || ",TRUE,"igd"
"44","rs12482947","21","43852037",0.003,0.0045,37037,0.4974,0.571,"C","T","Homeostasis model assessment of insulin resistance || id:ebi-a-GCST005179","ebi-a-GCST005179","Homeostasis model assessment of insulin resistance","Homeostasis model assessment of insulin resistance ||  || ",TRUE,"igd"
"45","rs3184504","12","111884608",-0.0026,0.0041,37037,0.5197,0.555,"C","T","Homeostasis model assessment of insulin resistance || id:ebi-a-GCST005179","ebi-a-GCST005179","Homeostasis model assessment of insulin resistance","Homeostasis model assessment of insulin resistance ||  || ",TRUE,"igd"
"46","rs4835536","4","149662857",-0.0016,0.0051,37037,0.7501,0.208,"T","G","Homeostasis model assessment of insulin resistance || id:ebi-a-GCST005179","ebi-a-GCST005179","Homeostasis model assessment of insulin resistance","Homeostasis model assessment of insulin resistance ||  || ",TRUE,"igd"
"47","rs9497965","6","148521292",-0.0033,0.0042,37037,0.4371,0.405,"T","C","Homeostasis model assessment of insulin resistance || id:ebi-a-GCST005179","ebi-a-GCST005179","Homeostasis model assessment of insulin resistance","Homeostasis model assessment of insulin resistance ||  || ",TRUE,"igd"
"48","rs9347170","6","167405187",-0.0054,0.0042,37037,0.1972,0.367,"T","C","Homeostasis model assessment of insulin resistance || id:ebi-a-GCST005179","ebi-a-GCST005179","Homeostasis model assessment of insulin resistance","Homeostasis model assessment of insulin resistance ||  || ",TRUE,"igd"
"49","rs7005834","8","134214204",-0.0027,0.0045,37037,0.549,0.291,"T","C","Homeostasis model assessment of insulin resistance || id:ebi-a-GCST005179","ebi-a-GCST005179","Homeostasis model assessment of insulin resistance","Homeostasis model assessment of insulin resistance ||  || ",TRUE,"igd"
"50","rs970987","9","21585265",-0.0025,0.0042,37037,0.5531,0.336,"A","C","Homeostasis model assessment of insulin resistance || id:ebi-a-GCST005179","ebi-a-GCST005179","Homeostasis model assessment of insulin resistance","Homeostasis model assessment of insulin resistance ||  || ",TRUE,"igd"
"51","rs7090530","10","6110875",-0.0062,0.0042,37037,0.1366,0.393,"A","C","Homeostasis model assessment of insulin resistance || id:ebi-a-GCST005179","ebi-a-GCST005179","Homeostasis model assessment of insulin resistance","Homeostasis model assessment of insulin resistance ||  || ",TRUE,"igd"
"52","rs11822813","11","93912638",0.0042,0.0071,37037,0.5543,0.931,"G","A","Homeostasis model assessment of insulin resistance || id:ebi-a-GCST005179","ebi-a-GCST005179","Homeostasis model assessment of insulin resistance","Homeostasis model assessment of insulin resistance ||  || ",TRUE,"igd"
"53","rs9291444","4","10713674",0.0027,0.004,37037,0.510301,0.465,"T","C","Homeostasis model assessment of insulin resistance || id:ebi-a-GCST005179","ebi-a-GCST005179","Homeostasis model assessment of insulin resistance","Homeostasis model assessment of insulin resistance ||  || ",TRUE,"igd"
"54","rs3087243","2","204738919",-1e-04,0.004,37037,0.9743,0.46,"A","G","Homeostasis model assessment of insulin resistance || id:ebi-a-GCST005179","ebi-a-GCST005179","Homeostasis model assessment of insulin resistance","Homeostasis model assessment of insulin resistance ||  || ",TRUE,"igd"
"55","rs484959","1","110366083",0.0037,0.0042,37037,0.3816,0.553,"C","T","Homeostasis model assessment of insulin resistance || id:ebi-a-GCST005179","ebi-a-GCST005179","Homeostasis model assessment of insulin resistance","Homeostasis model assessment of insulin resistance ||  || ",TRUE,"igd"
"56","rs1534430","2","12644736",9e-04,0.004,37037,0.8231,0.377,"T","C","Homeostasis model assessment of insulin resistance || id:ebi-a-GCST005179","ebi-a-GCST005179","Homeostasis model assessment of insulin resistance","Homeostasis model assessment of insulin resistance ||  || ",TRUE,"igd"
"57","rs2823272","21","16798586",0.0028,0.0045,37037,0.537499,0.327,"A","T","Homeostasis model assessment of insulin resistance || id:ebi-a-GCST005179","ebi-a-GCST005179","Homeostasis model assessment of insulin resistance","Homeostasis model assessment of insulin resistance ||  || ",TRUE,"igd"
"58","rs1872691","16","50350210",0.002,0.0052,37037,0.703301,0.179,"A","G","Homeostasis model assessment of insulin resistance || id:ebi-a-GCST005179","ebi-a-GCST005179","Homeostasis model assessment of insulin resistance","Homeostasis model assessment of insulin resistance ||  || ",TRUE,"igd"
"59","rs6505765","18","12782849",5e-04,0.0042,37037,0.9002,0.708,"G","C","Homeostasis model assessment of insulin resistance || id:ebi-a-GCST005179","ebi-a-GCST005179","Homeostasis model assessment of insulin resistance","Homeostasis model assessment of insulin resistance ||  || ",TRUE,"igd"
"60","rs229540","22","37591290",0.0019,0.004,37037,0.634699,0.593,"G","T","Homeostasis model assessment of insulin resistance || id:ebi-a-GCST005179","ebi-a-GCST005179","Homeostasis model assessment of insulin resistance","Homeostasis model assessment of insulin resistance ||  || ",TRUE,"igd"
"61","rs7936397","11","577534",9e-04,0.0049,37037,0.8591,0.226,"A","G","Homeostasis model assessment of insulin resistance || id:ebi-a-GCST005179","ebi-a-GCST005179","Homeostasis model assessment of insulin resistance","Homeostasis model assessment of insulin resistance ||  || ",TRUE,"igd"
"62","rs7441808","4","26090375",-2e-04,0.0045,37037,0.9643,0.642,"G","A","Homeostasis model assessment of insulin resistance || id:ebi-a-GCST005179","ebi-a-GCST005179","Homeostasis model assessment of insulin resistance","Homeostasis model assessment of insulin resistance ||  || ",TRUE,"igd"
"63","rs28157","5","102595837",-0.002,0.0043,37037,0.6392,0.383,"T","G","Homeostasis model assessment of insulin resistance || id:ebi-a-GCST005179","ebi-a-GCST005179","Homeostasis model assessment of insulin resistance","Homeostasis model assessment of insulin resistance ||  || ",TRUE,"igd"
"64","rs9296079","6","33072539",0.0072,0.012,37037,0.5457,0.035,"T","G","Homeostasis model assessment of insulin resistance || id:ebi-a-GCST005179","ebi-a-GCST005179","Homeostasis model assessment of insulin resistance","Homeostasis model assessment of insulin resistance ||  || ",TRUE,"igd"
"65","rs9296009","6","32114515",0.0046,0.0049,37037,0.3472,0.73,"T","A","Homeostasis model assessment of insulin resistance || id:ebi-a-GCST005179","ebi-a-GCST005179","Homeostasis model assessment of insulin resistance","Homeostasis model assessment of insulin resistance ||  || ",TRUE,"igd"
"66","rs10859679","12","94556678",-0.0049,0.0055,37037,0.379,0.866,"C","A","Homeostasis model assessment of insulin resistance || id:ebi-a-GCST005179","ebi-a-GCST005179","Homeostasis model assessment of insulin resistance","Homeostasis model assessment of insulin resistance ||  || ",TRUE,"igd"
"67","rs11258303","10","6405534",-0.007,0.0045,37037,0.1191,0.242,"A","C","Homeostasis model assessment of insulin resistance || id:ebi-a-GCST005179","ebi-a-GCST005179","Homeostasis model assessment of insulin resistance","Homeostasis model assessment of insulin resistance ||  || ",TRUE,"igd"
"68","rs2248605","13","24831467",0.0013,0.0045,37037,0.7669,0.721,"G","A","Homeostasis model assessment of insulin resistance || id:ebi-a-GCST005179","ebi-a-GCST005179","Homeostasis model assessment of insulin resistance","Homeostasis model assessment of insulin resistance ||  || ",TRUE,"igd"
"69","rs11177053","12","68499237",0.0016,0.0041,37037,0.6886,0.6,"C","T","Homeostasis model assessment of insulin resistance || id:ebi-a-GCST005179","ebi-a-GCST005179","Homeostasis model assessment of insulin resistance","Homeostasis model assessment of insulin resistance ||  || ",TRUE,"igd"
"70","rs12271161","11","116979911",-0.0034,0.0051,37037,0.498901,0.161,"A","G","Homeostasis model assessment of insulin resistance || id:ebi-a-GCST005179","ebi-a-GCST005179","Homeostasis model assessment of insulin resistance","Homeostasis model assessment of insulin resistance ||  || ",TRUE,"igd"
"71","rs5865","2","98373006",-0.0061,0.0042,37037,0.1505,0.35,"T","C","Homeostasis model assessment of insulin resistance || id:ebi-a-GCST005179","ebi-a-GCST005179","Homeostasis model assessment of insulin resistance","Homeostasis model assessment of insulin resistance ||  || ",TRUE,"igd"
"72","rs4444866","4","40307533",0.0075,0.0049,37037,0.1225,0.252,"T","C","Homeostasis model assessment of insulin resistance || id:ebi-a-GCST005179","ebi-a-GCST005179","Homeostasis model assessment of insulin resistance","Homeostasis model assessment of insulin resistance ||  || ",TRUE,"igd"
"73","rs7417283","1","108303686",0.0055,0.0052,37037,0.2906,0.158,"T","C","Homeostasis model assessment of insulin resistance || id:ebi-a-GCST005179","ebi-a-GCST005179","Homeostasis model assessment of insulin resistance","Homeostasis model assessment of insulin resistance ||  || ",TRUE,"igd"
"74","rs11675342","2","1407628",0.0016,0.004,37037,0.6925,0.392,"T","C","Homeostasis model assessment of insulin resistance || id:ebi-a-GCST005179","ebi-a-GCST005179","Homeostasis model assessment of insulin resistance","Homeostasis model assessment of insulin resistance ||  || ",TRUE,"igd"
"75","rs2476601","1","114377568",0.0075,0.0065,37037,0.2452,0.883,"G","A","Homeostasis model assessment of insulin resistance || id:ebi-a-GCST005179","ebi-a-GCST005179","Homeostasis model assessment of insulin resistance","Homeostasis model assessment of insulin resistance ||  || ",TRUE,"igd"
"76","rs1549142","19","18383794",5e-04,0.005,37037,0.9201,0.208,"T","C","Homeostasis model assessment of insulin resistance || id:ebi-a-GCST005179","ebi-a-GCST005179","Homeostasis model assessment of insulin resistance","Homeostasis model assessment of insulin resistance ||  || ",TRUE,"igd"
"77","rs1079418","6","166047034",0.0058,0.0044,37037,0.1828,0.733,"G","A","Homeostasis model assessment of insulin resistance || id:ebi-a-GCST005179","ebi-a-GCST005179","Homeostasis model assessment of insulin resistance","Homeostasis model assessment of insulin resistance ||  || ",TRUE,"igd"
"78","rs9357120","6","31230717",-6e-04,0.0044,37037,0.8882,0.208,"A","T","Homeostasis model assessment of insulin resistance || id:ebi-a-GCST005179","ebi-a-GCST005179","Homeostasis model assessment of insulin resistance","Homeostasis model assessment of insulin resistance ||  || ",TRUE,"igd"
