"","SNP","effect_allele.exposure","other_allele.exposure","effect_allele.outcome","other_allele.outcome","beta.exposure","beta.outcome","eaf.exposure","eaf.outcome","remove","palindromic","ambiguous","id.outcome","chr","pos","se.outcome","samplesize.outcome","pval.outcome","outcome","originalname.outcome","outcome.deprecated","mr_keep.outcome","data_source.outcome","pos.exposure","se.exposure","chr.exposure","pval.exposure","samplesize.exposure","id.exposure","exposure","mr_keep.exposure","pval_origin.exposure","data_source.exposure","action","mr_keep"
"1","rs10036386","T","C","T","C",0.00325403,-0.0015,0.381756,0.458,FALSE,FALSE,FALSE,"ebi-a-GCST005179","5","76543603",0.0042,37037,0.721499,"Homeostasis model assessment of insulin resistance || id:ebi-a-GCST005179","Homeostasis model assessment of insulin resistance","Homeostasis model assessment of insulin resistance ||  || ",TRUE,"igd",76543603,0.000456067,"5",9.70063e-13,462933,"ukb-b-19732"," || id:ukb-b-19732",TRUE,"reported","igd",2,TRUE
"2","rs1032129","C","A","C","A",-0.00291718,-0.0012,0.355643,0.683,FALSE,FALSE,FALSE,"ebi-a-GCST005179","8","119951900",0.0041,37037,0.761001,"Homeostasis model assessment of insulin resistance || id:ebi-a-GCST005179","Homeostasis model assessment of insulin resistance","Homeostasis model assessment of insulin resistance ||  || ",TRUE,"igd",119951900,0.000463982,"8",3.2e-10,462933,"ukb-b-19732"," || id:ukb-b-19732",TRUE,"reported","igd",2,TRUE
"3","rs10424978","A","C","A","C",-0.00446528,-0.0083,0.600212,0.438,FALSE,FALSE,FALSE,"ebi-a-GCST005179","19","4837557",0.0045,37037,0.0631495,"Homeostasis model assessment of insulin resistance || id:ebi-a-GCST005179","Homeostasis model assessment of insulin resistance","Homeostasis model assessment of insulin resistance ||  || ",TRUE,"igd",4837557,0.000457214,"19",1.59993e-22,462933,"ukb-b-19732"," || id:ukb-b-19732",TRUE,"reported","igd",2,TRUE
"4","rs1050976","T","C","T","C",0.00323263,-5e-04,0.528663,0.491,FALSE,FALSE,FALSE,"ebi-a-GCST005179","6","408079",0.0041,37037,0.8994,"Homeostasis model assessment of insulin resistance || id:ebi-a-GCST005179","Homeostasis model assessment of insulin resistance","Homeostasis model assessment of insulin resistance ||  || ",TRUE,"igd",408079,0.00044275,"6",2.90001e-13,462933,"ukb-b-19732"," || id:ukb-b-19732",TRUE,"reported","igd",2,TRUE
"5","rs10761620","G","A","G","A",-0.00342203,-0.003,0.548879,0.558,FALSE,FALSE,FALSE,"ebi-a-GCST005179","10","64057202",0.0042,37037,0.4734,"Homeostasis model assessment of insulin resistance || id:ebi-a-GCST005179","Homeostasis model assessment of insulin resistance","Homeostasis model assessment of insulin resistance ||  || ",TRUE,"igd",64057202,0.000447067,"10",1.9002e-14,462933,"ukb-b-19732"," || id:ukb-b-19732",TRUE,"reported","igd",2,TRUE
"6","rs1079418","G","A","G","A",-0.00291954,0.0058,0.306766,0.733,FALSE,FALSE,FALSE,"ebi-a-GCST005179","6","166047034",0.0044,37037,0.1828,"Homeostasis model assessment of insulin resistance || id:ebi-a-GCST005179","Homeostasis model assessment of insulin resistance","Homeostasis model assessment of insulin resistance ||  || ",TRUE,"igd",166047034,0.000479886,"6",1.2e-09,462933,"ukb-b-19732"," || id:ukb-b-19732",TRUE,"reported","igd",2,TRUE
"7","rs10859679","C","A","C","A",0.00344297,-0.0049,0.847591,0.866,FALSE,FALSE,FALSE,"ebi-a-GCST005179","12","94556678",0.0055,37037,0.379,"Homeostasis model assessment of insulin resistance || id:ebi-a-GCST005179","Homeostasis model assessment of insulin resistance","Homeostasis model assessment of insulin resistance ||  || ",TRUE,"igd",94556678,0.000616684,"12",2.39999e-08,462933,"ukb-b-19732"," || id:ukb-b-19732",TRUE,"reported","igd",2,TRUE
"8","rs10930013","A","G","A","G",0.00264481,7e-04,0.495893,0.442,FALSE,FALSE,FALSE,"ebi-a-GCST005179","2","162070325",0.004,37037,0.8649,"Homeostasis model assessment of insulin resistance || id:ebi-a-GCST005179","Homeostasis model assessment of insulin resistance","Homeostasis model assessment of insulin resistance ||  || ",TRUE,"igd",162070325,0.000443039,"2",2.39999e-09,462933,"ukb-b-19732"," || id:ukb-b-19732",TRUE,"reported","igd",2,TRUE
"9","rs10956412","C","A","C","A",-0.00427048,0.0024,0.165231,0.85,FALSE,FALSE,FALSE,"ebi-a-GCST005179","8","129162497",0.0058,37037,0.6772,"Homeostasis model assessment of insulin resistance || id:ebi-a-GCST005179","Homeostasis model assessment of insulin resistance","Homeostasis model assessment of insulin resistance ||  || ",TRUE,"igd",129162497,0.000599715,"8",1.10002e-12,462933,"ukb-b-19732"," || id:ukb-b-19732",TRUE,"reported","igd",2,TRUE
"10","rs11177053","C","T","C","T",-0.00252719,0.0016,0.405673,0.6,FALSE,FALSE,FALSE,"ebi-a-GCST005179","12","68499237",0.0041,37037,0.6886,"Homeostasis model assessment of insulin resistance || id:ebi-a-GCST005179","Homeostasis model assessment of insulin resistance","Homeostasis model assessment of insulin resistance ||  || ",TRUE,"igd",68499237,0.000450723,"12",2.1e-08,462933,"ukb-b-19732"," || id:ukb-b-19732",TRUE,"reported","igd",2,TRUE
"11","rs11256448","G","A","G","A",0.00341538,-0.0045,0.246452,0.783,FALSE,FALSE,FALSE,"ebi-a-GCST005179","10","6079479",0.0046,37037,0.3286,"Homeostasis model assessment of insulin resistance || id:ebi-a-GCST005179","Homeostasis model assessment of insulin resistance","Homeostasis model assessment of insulin resistance ||  || ",TRUE,"igd",6079479,0.000514403,"10",3.10027e-11,462933,"ukb-b-19732"," || id:ukb-b-19732",TRUE,"reported","igd",2,TRUE
"12","rs11258303","A","C","A","C",0.00369839,-0.007,0.745998,0.242,FALSE,FALSE,FALSE,"ebi-a-GCST005179","10","6405534",0.0045,37037,0.1191,"Homeostasis model assessment of insulin resistance || id:ebi-a-GCST005179","Homeostasis model assessment of insulin resistance","Homeostasis model assessment of insulin resistance ||  || ",TRUE,"igd",6405534,0.000510157,"10",4.19952e-13,462933,"ukb-b-19732"," || id:ukb-b-19732",TRUE,"reported","igd",2,TRUE
"13","rs11675342","T","C","T","C",0.00503964,0.0016,0.423499,0.392,FALSE,FALSE,FALSE,"ebi-a-GCST005179","2","1407628",0.004,37037,0.6925,"Homeostasis model assessment of insulin resistance || id:ebi-a-GCST005179","Homeostasis model assessment of insulin resistance","Homeostasis model assessment of insulin resistance ||  || ",TRUE,"igd",1407628,0.000448544,"2",2.70023e-29,462933,"ukb-b-19732"," || id:ukb-b-19732",TRUE,"reported","igd",2,TRUE
"14","rs11782370","T","C","T","C",-0.00284489,-0.0034,0.23939,0.25,FALSE,FALSE,FALSE,"ebi-a-GCST005179","8","23370018",0.0051,37037,0.5054,"Homeostasis model assessment of insulin resistance || id:ebi-a-GCST005179","Homeostasis model assessment of insulin resistance","Homeostasis model assessment of insulin resistance ||  || ",TRUE,"igd",23370018,0.000519874,"8",4.39997e-08,462933,"ukb-b-19732"," || id:ukb-b-19732",TRUE,"reported","igd",2,TRUE
"15","rs11822813","G","A","G","A",-0.00501907,0.0042,0.075142,0.931,FALSE,FALSE,FALSE,"ebi-a-GCST005179","11","93912638",0.0071,37037,0.5543,"Homeostasis model assessment of insulin resistance || id:ebi-a-GCST005179","Homeostasis model assessment of insulin resistance","Homeostasis model assessment of insulin resistance ||  || ",TRUE,"igd",93912638,0.000841223,"11",2.39999e-09,462933,"ukb-b-19732"," || id:ukb-b-19732",TRUE,"reported","igd",2,TRUE
"16","rs12191243","G","C","G","C",0.00290066,-0.011,0.232607,0.237,FALSE,TRUE,FALSE,"ebi-a-GCST005179","6","135446826",0.0047,37037,0.0243899,"Homeostasis model assessment of insulin resistance || id:ebi-a-GCST005179","Homeostasis model assessment of insulin resistance","Homeostasis model assessment of insulin resistance ||  || ",TRUE,"igd",135446826,0.00052317,"6",2.90001e-08,462933,"ukb-b-19732"," || id:ukb-b-19732",TRUE,"reported","igd",2,TRUE
"17","rs12271161","A","G","A","G",-0.00357831,-0.0034,0.193684,0.161,FALSE,FALSE,FALSE,"ebi-a-GCST005179","11","116979911",0.0051,37037,0.498901,"Homeostasis model assessment of insulin resistance || id:ebi-a-GCST005179","Homeostasis model assessment of insulin resistance","Homeostasis model assessment of insulin resistance ||  || ",TRUE,"igd",116979911,0.000560669,"11",1.7e-10,462933,"ukb-b-19732"," || id:ukb-b-19732",TRUE,"reported","igd",2,TRUE
"18","rs12482947","C","T","C","T",0.00265295,0.003,0.600811,0.571,FALSE,FALSE,FALSE,"ebi-a-GCST005179","21","43852037",0.0045,37037,0.4974,"Homeostasis model assessment of insulin resistance || id:ebi-a-GCST005179","Homeostasis model assessment of insulin resistance","Homeostasis model assessment of insulin resistance ||  || ",TRUE,"igd",43852037,0.000455043,"21",5.49997e-09,462933,"ukb-b-19732"," || id:ukb-b-19732",TRUE,"reported","igd",2,TRUE
"19","rs1257926","A","G","A","G",0.00276785,0.0098,0.475131,0.473,FALSE,FALSE,FALSE,"ebi-a-GCST005179","14","98692996",0.004,37037,0.0143599,"Homeostasis model assessment of insulin resistance || id:ebi-a-GCST005179","Homeostasis model assessment of insulin resistance","Homeostasis model assessment of insulin resistance ||  || ",TRUE,"igd",98692996,0.000444491,"14",4.79999e-10,462933,"ukb-b-19732"," || id:ukb-b-19732",TRUE,"reported","igd",2,TRUE
"20","rs12697352","A","G","A","G",-0.00260443,-0.0082,0.339773,0.283,FALSE,FALSE,FALSE,"ebi-a-GCST005179","5","35837234",0.0042,37037,0.0523697,"Homeostasis model assessment of insulin resistance || id:ebi-a-GCST005179","Homeostasis model assessment of insulin resistance","Homeostasis model assessment of insulin resistance ||  || ",TRUE,"igd",35837234,0.000467942,"5",2.59998e-08,462933,"ukb-b-19732"," || id:ukb-b-19732",TRUE,"reported","igd",2,TRUE
"21","rs1534430","T","C","T","C",-0.0038558,9e-04,0.390296,0.377,FALSE,FALSE,FALSE,"ebi-a-GCST005179","2","12644736",0.004,37037,0.8231,"Homeostasis model assessment of insulin resistance || id:ebi-a-GCST005179","Homeostasis model assessment of insulin resistance","Homeostasis model assessment of insulin resistance ||  || ",TRUE,"igd",12644736,0.000454605,"2",2.19989e-17,462933,"ukb-b-19732"," || id:ukb-b-19732",TRUE,"reported","igd",2,TRUE
"22","rs1549142","T","C","T","C",0.00388914,5e-04,0.227636,0.208,FALSE,FALSE,FALSE,"ebi-a-GCST005179","19","18383794",0.005,37037,0.9201,"Homeostasis model assessment of insulin resistance || id:ebi-a-GCST005179","Homeostasis model assessment of insulin resistance","Homeostasis model assessment of insulin resistance ||  || ",TRUE,"igd",18383794,0.000529806,"19",2.09991e-13,462933,"ukb-b-19732"," || id:ukb-b-19732",TRUE,"reported","igd",2,TRUE
"23","rs1561924","A","G","A","G",-0.00471619,4e-04,0.128538,0.175,FALSE,FALSE,FALSE,"ebi-a-GCST005179","8","129569371",0.0058,37037,0.9477,"Homeostasis model assessment of insulin resistance || id:ebi-a-GCST005179","Homeostasis model assessment of insulin resistance","Homeostasis model assessment of insulin resistance ||  || ",TRUE,"igd",129569371,0.000666135,"8",1.39991e-12,462933,"ukb-b-19732"," || id:ukb-b-19732",TRUE,"reported","igd",2,TRUE
"24","rs1599795","A","T","A","T",0.00392687,-0.0025,0.191681,0.158,FALSE,TRUE,FALSE,"ebi-a-GCST005179","3","119243855",0.0048,37037,0.6083,"Homeostasis model assessment of insulin resistance || id:ebi-a-GCST005179","Homeostasis model assessment of insulin resistance","Homeostasis model assessment of insulin resistance ||  || ",TRUE,"igd",119243855,0.000562101,"3",2.80027e-12,462933,"ukb-b-19732"," || id:ukb-b-19732",TRUE,"reported","igd",2,TRUE
"25","rs17020139","A","G","A","G",0.01175,-0.0032,0.088639,0.076,FALSE,FALSE,FALSE,"ebi-a-GCST005179","1","108369483",0.0067,37037,0.6304,"Homeostasis model assessment of insulin resistance || id:ebi-a-GCST005179","Homeostasis model assessment of insulin resistance","Homeostasis model assessment of insulin resistance ||  || ",TRUE,"igd",108369483,0.000778526,"1",1.80011e-51,462933,"ukb-b-19732"," || id:ukb-b-19732",TRUE,"reported","igd",2,TRUE
"26","rs1724088","A","G","A","G",0.00276177,0.0078,0.285654,0.339,FALSE,FALSE,FALSE,"ebi-a-GCST005179","6","36978745",0.005,37037,0.1164,"Homeostasis model assessment of insulin resistance || id:ebi-a-GCST005179","Homeostasis model assessment of insulin resistance","Homeostasis model assessment of insulin resistance ||  || ",TRUE,"igd",36978745,0.000490596,"6",1.79999e-08,462933,"ukb-b-19732"," || id:ukb-b-19732",TRUE,"reported","igd",2,TRUE
"27","rs1810396","G","A","G","A",-0.00388373,-0.0015,0.68916,0.628,FALSE,FALSE,FALSE,"ebi-a-GCST005179","8","133918769",0.0045,37037,0.746299,"Homeostasis model assessment of insulin resistance || id:ebi-a-GCST005179","Homeostasis model assessment of insulin resistance","Homeostasis model assessment of insulin resistance ||  || ",TRUE,"igd",133918769,0.000478388,"8",4.70002e-16,462933,"ukb-b-19732"," || id:ukb-b-19732",TRUE,"reported","igd",2,TRUE
"28","rs1872691","A","G","A","G",-0.00365252,0.002,0.182203,0.179,FALSE,FALSE,FALSE,"ebi-a-GCST005179","16","50350210",0.0052,37037,0.703301,"Homeostasis model assessment of insulin resistance || id:ebi-a-GCST005179","Homeostasis model assessment of insulin resistance","Homeostasis model assessment of insulin resistance ||  || ",TRUE,"igd",50350210,0.000574796,"16",2.1e-10,462933,"ukb-b-19732"," || id:ukb-b-19732",TRUE,"reported","igd",2,TRUE
"29","rs2111485","G","A","G","A",0.00376377,0.0048,0.606734,0.615,FALSE,FALSE,FALSE,"ebi-a-GCST005179","2","163110536",0.0042,37037,0.2542,"Homeostasis model assessment of insulin resistance || id:ebi-a-GCST005179","Homeostasis model assessment of insulin resistance","Homeostasis model assessment of insulin resistance ||  || ",TRUE,"igd",163110536,0.000452646,"2",9.20026e-17,462933,"ukb-b-19732"," || id:ukb-b-19732",TRUE,"reported","igd",2,TRUE
"30","rs2234167","A","G","A","G",0.00425404,-0.008,0.133643,0.111,FALSE,FALSE,FALSE,"ebi-a-GCST005179","1","2494330",0.0059,37037,0.1736,"Homeostasis model assessment of insulin resistance || id:ebi-a-GCST005179","Homeostasis model assessment of insulin resistance","Homeostasis model assessment of insulin resistance ||  || ",TRUE,"igd",2494330,0.000649951,"1",5.90065e-11,462933,"ukb-b-19732"," || id:ukb-b-19732",TRUE,"reported","igd",2,TRUE
"31","rs2248605","G","A","G","A",-0.00272107,0.0013,0.732349,0.721,FALSE,FALSE,FALSE,"ebi-a-GCST005179","13","24831467",0.0045,37037,0.7669,"Homeostasis model assessment of insulin resistance || id:ebi-a-GCST005179","Homeostasis model assessment of insulin resistance","Homeostasis model assessment of insulin resistance ||  || ",TRUE,"igd",24831467,0.000498977,"13",4.90004e-08,462933,"ukb-b-19732"," || id:ukb-b-19732",TRUE,"reported","igd",2,TRUE
"32","rs2284169","C","A","C","A",-0.00558387,8e-04,0.153145,0.85,FALSE,FALSE,FALSE,"ebi-a-GCST005179","6","30172385",0.0053,37037,0.8753,"Homeostasis model assessment of insulin resistance || id:ebi-a-GCST005179","Homeostasis model assessment of insulin resistance","Homeostasis model assessment of insulin resistance ||  || ",TRUE,"igd",30172385,0.000613605,"6",8.99912e-20,462933,"ukb-b-19732"," || id:ukb-b-19732",TRUE,"reported","igd",2,TRUE
"33","rs229540","G","T","G","T",0.00506701,0.0019,0.425501,0.593,FALSE,FALSE,FALSE,"ebi-a-GCST005179","22","37591290",0.004,37037,0.634699,"Homeostasis model assessment of insulin resistance || id:ebi-a-GCST005179","Homeostasis model assessment of insulin resistance","Homeostasis model assessment of insulin resistance ||  || ",TRUE,"igd",37591290,0.000448278,"22",1.29987e-29,462933,"ukb-b-19732"," || id:ukb-b-19732",TRUE,"reported","igd",2,TRUE
"34","rs244672","T","C","T","C",-0.00489012,-0.0074,0.875169,0.133,FALSE,FALSE,FALSE,"ebi-a-GCST005179","5","133419283",0.0055,37037,0.1739,"Homeostasis model assessment of insulin resistance || id:ebi-a-GCST005179","Homeostasis model assessment of insulin resistance","Homeostasis model assessment of insulin resistance ||  || ",TRUE,"igd",133419283,0.000669824,"5",2.90001e-13,462933,"ukb-b-19732"," || id:ukb-b-19732",TRUE,"reported","igd",2,TRUE
"35","rs2476601","G","A","G","A",-0.0203664,0.0075,0.899226,0.883,FALSE,FALSE,FALSE,"ebi-a-GCST005179","1","114377568",0.0065,37037,0.2452,"Homeostasis model assessment of insulin resistance || id:ebi-a-GCST005179","Homeostasis model assessment of insulin resistance","Homeostasis model assessment of insulin resistance ||  || ",TRUE,"igd",114377568,0.000733659,"1",1.30017e-169,462933,"ukb-b-19732"," || id:ukb-b-19732",TRUE,"reported","igd",2,TRUE
"36","rs28157","T","G","T","G",-0.00330258,-0.002,0.315166,0.383,FALSE,FALSE,FALSE,"ebi-a-GCST005179","5","102595837",0.0043,37037,0.6392,"Homeostasis model assessment of insulin resistance || id:ebi-a-GCST005179","Homeostasis model assessment of insulin resistance","Homeostasis model assessment of insulin resistance ||  || ",TRUE,"igd",102595837,0.000477667,"5",4.70002e-12,462933,"ukb-b-19732"," || id:ukb-b-19732",TRUE,"reported","igd",2,TRUE
"37","rs2823272","A","T","A","T",-0.00331291,0.0028,0.315449,0.327,FALSE,TRUE,FALSE,"ebi-a-GCST005179","21","16798586",0.0045,37037,0.537499,"Homeostasis model assessment of insulin resistance || id:ebi-a-GCST005179","Homeostasis model assessment of insulin resistance","Homeostasis model assessment of insulin resistance ||  || ",TRUE,"igd",16798586,0.000477656,"21",4.00037e-12,462933,"ukb-b-19732"," || id:ukb-b-19732",TRUE,"reported","igd",2,TRUE
"38","rs2859072","A","G","A","G",-0.00430407,0.0012,0.258514,0.271,FALSE,FALSE,FALSE,"ebi-a-GCST005179","6","32703313",0.0043,37037,0.7866,"Homeostasis model assessment of insulin resistance || id:ebi-a-GCST005179","Homeostasis model assessment of insulin resistance","Homeostasis model assessment of insulin resistance ||  || ",TRUE,"igd",32703313,0.000509195,"6",2.80027e-17,462933,"ukb-b-19732"," || id:ukb-b-19732",TRUE,"reported","igd",2,TRUE
"39","rs3087243","A","G","A","G",-0.00855563,-1e-04,0.450735,0.46,FALSE,FALSE,FALSE,"ebi-a-GCST005179","2","204738919",0.004,37037,0.9743,"Homeostasis model assessment of insulin resistance || id:ebi-a-GCST005179","Homeostasis model assessment of insulin resistance","Homeostasis model assessment of insulin resistance ||  || ",TRUE,"igd",204738919,0.000444702,"2",1.69981e-82,462933,"ukb-b-19732"," || id:ukb-b-19732",TRUE,"reported","igd",2,TRUE
"40","rs3093665","C","A","C","A",0.00941669,0.0059,0.020991,0.987,FALSE,FALSE,FALSE,"ebi-a-GCST005179","6","31545391",0.021,37037,0.781601,"Homeostasis model assessment of insulin resistance || id:ebi-a-GCST005179","Homeostasis model assessment of insulin resistance","Homeostasis model assessment of insulin resistance ||  || ",TRUE,"igd",31545391,0.00153998,"6",9.69996e-10,462933,"ukb-b-19732"," || id:ukb-b-19732",TRUE,"reported","igd",2,TRUE
"41","rs3184504","C","T","C","T",-0.0101405,-0.0026,0.517278,0.555,FALSE,FALSE,FALSE,"ebi-a-GCST005179","12","111884608",0.0041,37037,0.5197,"Homeostasis model assessment of insulin resistance || id:ebi-a-GCST005179","Homeostasis model assessment of insulin resistance","Homeostasis model assessment of insulin resistance ||  || ",TRUE,"igd",111884608,0.00044244,"12",2.99916e-116,462933,"ukb-b-19732"," || id:ukb-b-19732",TRUE,"reported","igd",2,TRUE
"42","rs367023","G","A","G","A",-0.00305345,6e-04,0.295821,0.661,FALSE,FALSE,FALSE,"ebi-a-GCST005179","2","8450123",0.0043,37037,0.8823,"Homeostasis model assessment of insulin resistance || id:ebi-a-GCST005179","Homeostasis model assessment of insulin resistance","Homeostasis model assessment of insulin resistance ||  || ",TRUE,"igd",8450123,0.000487585,"2",3.79997e-10,462933,"ukb-b-19732"," || id:ukb-b-19732",TRUE,"reported","igd",2,TRUE
"43","rs3775291","T","C","T","C",-0.00402589,-0.0017,0.297066,0.372,FALSE,FALSE,FALSE,"ebi-a-GCST005179","4","187004074",0.0043,37037,0.695799,"Homeostasis model assessment of insulin resistance || id:ebi-a-GCST005179","Homeostasis model assessment of insulin resistance","Homeostasis model assessment of insulin resistance ||  || ",TRUE,"igd",187004074,0.000484199,"4",9.20026e-17,462933,"ukb-b-19732"," || id:ukb-b-19732",TRUE,"reported","igd",2,TRUE
"44","rs3784099","A","G","A","G",-0.00321971,0.0012,0.28185,0.305,FALSE,FALSE,FALSE,"ebi-a-GCST005179","14","68749927",0.0043,37037,0.7758,"Homeostasis model assessment of insulin resistance || id:ebi-a-GCST005179","Homeostasis model assessment of insulin resistance","Homeostasis model assessment of insulin resistance ||  || ",TRUE,"igd",68749927,0.000491779,"14",5.90065e-11,462933,"ukb-b-19732"," || id:ukb-b-19732",TRUE,"reported","igd",2,TRUE
"45","rs4320727","A","G","A","G",0.00288931,0.0016,0.630129,0.385,FALSE,FALSE,FALSE,"ebi-a-GCST005179","1","25351581",0.0043,37037,0.7072,"Homeostasis model assessment of insulin resistance || id:ebi-a-GCST005179","Homeostasis model assessment of insulin resistance","Homeostasis model assessment of insulin resistance ||  || ",TRUE,"igd",25351581,0.000460637,"1",3.59998e-10,462933,"ukb-b-19732"," || id:ukb-b-19732",TRUE,"reported","igd",2,TRUE
"46","rs4409785","C","T","C","T",0.00679604,0.012,0.172636,0.858,FALSE,FALSE,FALSE,"ebi-a-GCST005179","11","95311422",0.0064,37037,0.0687797,"Homeostasis model assessment of insulin resistance || id:ebi-a-GCST005179","Homeostasis model assessment of insulin resistance","Homeostasis model assessment of insulin resistance ||  || ",TRUE,"igd",95311422,0.000586057,"11",4.30031e-31,462933,"ukb-b-19732"," || id:ukb-b-19732",TRUE,"reported","igd",2,TRUE
"47","rs4444866","T","C","T","C",-0.0033136,0.0075,0.276125,0.252,FALSE,FALSE,FALSE,"ebi-a-GCST005179","4","40307533",0.0049,37037,0.1225,"Homeostasis model assessment of insulin resistance || id:ebi-a-GCST005179","Homeostasis model assessment of insulin resistance","Homeostasis model assessment of insulin resistance ||  || ",TRUE,"igd",40307533,0.000498229,"4",2.90001e-11,462933,"ukb-b-19732"," || id:ukb-b-19732",TRUE,"reported","igd",2,TRUE
"48","rs4794063","T","C","T","C",0.00398129,0.0021,0.257048,0.267,FALSE,FALSE,FALSE,"ebi-a-GCST005179","17","45804494",0.0045,37037,0.643101,"Homeostasis model assessment of insulin resistance || id:ebi-a-GCST005179","Homeostasis model assessment of insulin resistance","Homeostasis model assessment of insulin resistance ||  || ",TRUE,"igd",45804494,0.000506566,"17",3.90032e-15,462933,"ukb-b-19732"," || id:ukb-b-19732",TRUE,"reported","igd",2,TRUE
"49","rs4804433","T","G","T","G",-0.00324888,0.0022,0.785267,0.28,FALSE,FALSE,FALSE,"ebi-a-GCST005179","19","7240776",0.005,37037,0.6631,"Homeostasis model assessment of insulin resistance || id:ebi-a-GCST005179","Homeostasis model assessment of insulin resistance","Homeostasis model assessment of insulin resistance ||  || ",TRUE,"igd",7240776,0.000542233,"19",2.1e-09,462933,"ukb-b-19732"," || id:ukb-b-19732",TRUE,"reported","igd",2,TRUE
"50","rs4820437","C","T","C","T",-0.00290327,0.0067,0.225874,0.739,FALSE,FALSE,FALSE,"ebi-a-GCST005179","22","41761290",0.0047,37037,0.1548,"Homeostasis model assessment of insulin resistance || id:ebi-a-GCST005179","Homeostasis model assessment of insulin resistance","Homeostasis model assessment of insulin resistance ||  || ",TRUE,"igd",41761290,0.000531852,"22",4.79999e-08,462933,"ukb-b-19732"," || id:ukb-b-19732",TRUE,"reported","igd",2,TRUE
"51","rs4835536","T","G","T","G",-0.00638629,-0.0016,0.212575,0.208,FALSE,FALSE,FALSE,"ebi-a-GCST005179","4","149662857",0.0051,37037,0.7501,"Homeostasis model assessment of insulin resistance || id:ebi-a-GCST005179","Homeostasis model assessment of insulin resistance","Homeostasis model assessment of insulin resistance ||  || ",TRUE,"igd",149662857,0.000541609,"4",4.30031e-32,462933,"ukb-b-19732"," || id:ukb-b-19732",TRUE,"reported","igd",2,TRUE
"52","rs484959","C","T","C","T",0.00278593,0.0037,0.53714,0.553,FALSE,FALSE,FALSE,"ebi-a-GCST005179","1","110366083",0.0042,37037,0.3816,"Homeostasis model assessment of insulin resistance || id:ebi-a-GCST005179","Homeostasis model assessment of insulin resistance","Homeostasis model assessment of insulin resistance ||  || ",TRUE,"igd",110366083,0.000443585,"1",3.40001e-10,462933,"ukb-b-19732"," || id:ukb-b-19732",TRUE,"reported","igd",2,TRUE
"53","rs5865","T","C","T","C",-0.00308507,-0.0061,0.664064,0.35,FALSE,FALSE,FALSE,"ebi-a-GCST005179","2","98373006",0.0042,37037,0.1505,"Homeostasis model assessment of insulin resistance || id:ebi-a-GCST005179","Homeostasis model assessment of insulin resistance","Homeostasis model assessment of insulin resistance ||  || ",TRUE,"igd",98373006,0.000469079,"2",4.79954e-11,462933,"ukb-b-19732"," || id:ukb-b-19732",TRUE,"reported","igd",2,TRUE
"54","rs6111715","C","G","C","G",-0.003797,0.0038,0.179577,0.233,FALSE,TRUE,FALSE,"ebi-a-GCST005179","20","17860022",0.0073,37037,0.6074,"Homeostasis model assessment of insulin resistance || id:ebi-a-GCST005179","Homeostasis model assessment of insulin resistance","Homeostasis model assessment of insulin resistance ||  || ",TRUE,"igd",17860022,0.000577376,"20",4.79954e-11,462933,"ukb-b-19732"," || id:ukb-b-19732",TRUE,"reported","igd",2,TRUE
"55","rs6452444","C","T","C","T",0.0029675,-0.0018,0.757482,0.776,FALSE,FALSE,FALSE,"ebi-a-GCST005179","5","71685736",0.0046,37037,0.6938,"Homeostasis model assessment of insulin resistance || id:ebi-a-GCST005179","Homeostasis model assessment of insulin resistance","Homeostasis model assessment of insulin resistance ||  || ",TRUE,"igd",71685736,0.000519286,"5",1.09999e-08,462933,"ukb-b-19732"," || id:ukb-b-19732",TRUE,"reported","igd",2,TRUE
"56","rs6505765","G","C","G","C",0.00334114,-5e-04,0.343574,0.292,FALSE,TRUE,FALSE,"ebi-a-GCST005179","18","12782849",0.0042,37037,0.9002,"Homeostasis model assessment of insulin resistance || id:ebi-a-GCST005179","Homeostasis model assessment of insulin resistance","Homeostasis model assessment of insulin resistance ||  || ",TRUE,"igd",12782849,0.000466559,"18",8.00018e-13,462933,"ukb-b-19732"," || id:ukb-b-19732",TRUE,"reported","igd",2,TRUE
"57","rs6603785","T","A","T","A",-0.00378166,-0.007,0.130639,0.116,FALSE,TRUE,FALSE,"ebi-a-GCST005179","1","1186502",0.013,37037,0.579101,"Homeostasis model assessment of insulin resistance || id:ebi-a-GCST005179","Homeostasis model assessment of insulin resistance","Homeostasis model assessment of insulin resistance ||  || ",TRUE,"igd",1186502,0.000659273,"1",9.69996e-09,462933,"ukb-b-19732"," || id:ukb-b-19732",TRUE,"reported","igd",2,TRUE
"58","rs6739788","T","A","T","A",0.00562232,-0.0029,0.053827,0.044,FALSE,TRUE,FALSE,"ebi-a-GCST005179","2","55862355",0.0091,37037,0.7503,"Homeostasis model assessment of insulin resistance || id:ebi-a-GCST005179","Homeostasis model assessment of insulin resistance","Homeostasis model assessment of insulin resistance ||  || ",TRUE,"igd",55862355,0.000980695,"2",9.90011e-09,462933,"ukb-b-19732"," || id:ukb-b-19732",TRUE,"reported","igd",2,TRUE
"59","rs6798068","A","G","A","G",0.00280101,0.0033,0.321967,0.314,FALSE,FALSE,FALSE,"ebi-a-GCST005179","3","108162362",0.0043,37037,0.4433,"Homeostasis model assessment of insulin resistance || id:ebi-a-GCST005179","Homeostasis model assessment of insulin resistance","Homeostasis model assessment of insulin resistance ||  || ",TRUE,"igd",108162362,0.00047323,"3",3.2e-09,462933,"ukb-b-19732"," || id:ukb-b-19732",TRUE,"reported","igd",2,TRUE
"60","rs7005834","T","C","T","C",-0.00324353,-0.0027,0.307373,0.291,FALSE,FALSE,FALSE,"ebi-a-GCST005179","8","134214204",0.0045,37037,0.549,"Homeostasis model assessment of insulin resistance || id:ebi-a-GCST005179","Homeostasis model assessment of insulin resistance","Homeostasis model assessment of insulin resistance ||  || ",TRUE,"igd",134214204,0.0004786,"8",1.20005e-11,462933,"ukb-b-19732"," || id:ukb-b-19732",TRUE,"reported","igd",2,TRUE
"61","rs7090530","A","C","A","C",0.00415718,-0.0062,0.602142,0.393,FALSE,FALSE,FALSE,"ebi-a-GCST005179","10","6110875",0.0042,37037,0.1366,"Homeostasis model assessment of insulin resistance || id:ebi-a-GCST005179","Homeostasis model assessment of insulin resistance","Homeostasis model assessment of insulin resistance ||  || ",TRUE,"igd",6110875,0.000452021,"10",3.69999e-20,462933,"ukb-b-19732"," || id:ukb-b-19732",TRUE,"reported","igd",2,TRUE
"62","rs7417283","T","C","T","C",0.0036161,0.0055,0.811972,0.158,FALSE,FALSE,FALSE,"ebi-a-GCST005179","1","108303686",0.0052,37037,0.2906,"Homeostasis model assessment of insulin resistance || id:ebi-a-GCST005179","Homeostasis model assessment of insulin resistance","Homeostasis model assessment of insulin resistance ||  || ",TRUE,"igd",108303686,0.000570336,"1",2.30001e-10,462933,"ukb-b-19732"," || id:ukb-b-19732",TRUE,"reported","igd",2,TRUE
"63","rs7441808","G","A","G","A",0.00391669,-2e-04,0.30075,0.642,FALSE,FALSE,FALSE,"ebi-a-GCST005179","4","26090375",0.0045,37037,0.9643,"Homeostasis model assessment of insulin resistance || id:ebi-a-GCST005179","Homeostasis model assessment of insulin resistance","Homeostasis model assessment of insulin resistance ||  || ",TRUE,"igd",26090375,0.000482599,"4",4.79954e-16,462933,"ukb-b-19732"," || id:ukb-b-19732",TRUE,"reported","igd",2,TRUE
"64","rs7582694","G","C","G","C",-0.00678342,0.0019,0.77392,0.779,FALSE,TRUE,FALSE,"ebi-a-GCST005179","2","191970120",0.0047,37037,0.691301,"Homeostasis model assessment of insulin resistance || id:ebi-a-GCST005179","Homeostasis model assessment of insulin resistance","Homeostasis model assessment of insulin resistance ||  || ",TRUE,"igd",191970120,0.000529838,"2",1.59993e-37,462933,"ukb-b-19732"," || id:ukb-b-19732",TRUE,"reported","igd",2,TRUE
"65","rs761357","T","A","T","A",0.00287595,-1e-04,0.375258,0.333,FALSE,TRUE,FALSE,"ebi-a-GCST005179","6","135902599",0.0043,37037,0.981,"Homeostasis model assessment of insulin resistance || id:ebi-a-GCST005179","Homeostasis model assessment of insulin resistance","Homeostasis model assessment of insulin resistance ||  || ",TRUE,"igd",135902599,0.00045811,"6",3.40001e-10,462933,"ukb-b-19732"," || id:ukb-b-19732",TRUE,"reported","igd",2,TRUE
"66","rs7649344","C","T","C","T",-0.00261845,-6e-04,0.45693,0.522,FALSE,FALSE,FALSE,"ebi-a-GCST005179","3","37006396",0.004,37037,0.8881,"Homeostasis model assessment of insulin resistance || id:ebi-a-GCST005179","Homeostasis model assessment of insulin resistance","Homeostasis model assessment of insulin resistance ||  || ",TRUE,"igd",37006396,0.000445129,"3",4e-09,462933,"ukb-b-19732"," || id:ukb-b-19732",TRUE,"reported","igd",2,TRUE
"67","rs7850258","G","A","G","A",0.00990366,-0.0043,0.668018,0.633,FALSE,FALSE,FALSE,"ebi-a-GCST005179","9","100549013",0.0042,37037,0.3047,"Homeostasis model assessment of insulin resistance || id:ebi-a-GCST005179","Homeostasis model assessment of insulin resistance","Homeostasis model assessment of insulin resistance ||  || ",TRUE,"igd",100549013,0.000470292,"9",1.9002e-98,462933,"ukb-b-19732"," || id:ukb-b-19732",TRUE,"reported","igd",2,TRUE
"68","rs7936397","A","G","A","G",-0.00293916,9e-04,0.272579,0.226,FALSE,FALSE,FALSE,"ebi-a-GCST005179","11","577534",0.0049,37037,0.8591,"Homeostasis model assessment of insulin resistance || id:ebi-a-GCST005179","Homeostasis model assessment of insulin resistance","Homeostasis model assessment of insulin resistance ||  || ",TRUE,"igd",577534,0.00049792,"11",3.59998e-09,462933,"ukb-b-19732"," || id:ukb-b-19732",TRUE,"reported","igd",2,TRUE
"69","rs8054578","G","A","G","A",-0.00341296,-0.0032,0.7744,0.748,FALSE,FALSE,FALSE,"ebi-a-GCST005179","16","79316815",0.0048,37037,0.5034,"Homeostasis model assessment of insulin resistance || id:ebi-a-GCST005179","Homeostasis model assessment of insulin resistance","Homeostasis model assessment of insulin resistance ||  || ",TRUE,"igd",79316815,0.000530482,"16",1.2e-10,462933,"ukb-b-19732"," || id:ukb-b-19732",TRUE,"reported","igd",2,TRUE
"70","rs9291444","T","C","T","C",0.00374638,0.0027,0.470541,0.465,FALSE,FALSE,FALSE,"ebi-a-GCST005179","4","10713674",0.004,37037,0.510301,"Homeostasis model assessment of insulin resistance || id:ebi-a-GCST005179","Homeostasis model assessment of insulin resistance","Homeostasis model assessment of insulin resistance ||  || ",TRUE,"igd",10713674,0.000444157,"4",3.29989e-17,462933,"ukb-b-19732"," || id:ukb-b-19732",TRUE,"reported","igd",2,TRUE
"71","rs9296009","T","A","T","A",0.00513778,-0.0046,0.217204,0.27,FALSE,TRUE,FALSE,"ebi-a-GCST005179","6","32114515",0.0049,37037,0.3472,"Homeostasis model assessment of insulin resistance || id:ebi-a-GCST005179","Homeostasis model assessment of insulin resistance","Homeostasis model assessment of insulin resistance ||  || ",TRUE,"igd",32114515,0.000535448,"6",8.4004e-22,462933,"ukb-b-19732"," || id:ukb-b-19732",TRUE,"reported","igd",2,TRUE
"72","rs9296079","T","G","T","G",-0.0110698,0.0072,0.027354,0.035,FALSE,FALSE,FALSE,"ebi-a-GCST005179","6","33072539",0.012,37037,0.5457,"Homeostasis model assessment of insulin resistance || id:ebi-a-GCST005179","Homeostasis model assessment of insulin resistance","Homeostasis model assessment of insulin resistance ||  || ",TRUE,"igd",33072539,0.00134022,"6",1.50003e-16,462933,"ukb-b-19732"," || id:ukb-b-19732",TRUE,"reported","igd",2,TRUE
"73","rs9347170","T","C","T","C",-0.00560428,-0.0054,0.336535,0.367,FALSE,FALSE,FALSE,"ebi-a-GCST005179","6","167405187",0.0042,37037,0.1972,"Homeostasis model assessment of insulin resistance || id:ebi-a-GCST005179","Homeostasis model assessment of insulin resistance","Homeostasis model assessment of insulin resistance ||  || ",TRUE,"igd",167405187,0.000467668,"6",4.30031e-33,462933,"ukb-b-19732"," || id:ukb-b-19732",TRUE,"reported","igd",2,TRUE
"74","rs9357120","A","T","A","T",-0.00903943,-6e-04,0.276298,0.208,FALSE,TRUE,FALSE,"ebi-a-GCST005179","6","31230717",0.0044,37037,0.8882,"Homeostasis model assessment of insulin resistance || id:ebi-a-GCST005179","Homeostasis model assessment of insulin resistance","Homeostasis model assessment of insulin resistance ||  || ",TRUE,"igd",31230717,0.000493085,"6",4.60045e-75,462933,"ukb-b-19732"," || id:ukb-b-19732",TRUE,"reported","igd",2,TRUE
"75","rs9497965","T","C","T","C",0.00389414,-0.0033,0.409445,0.405,FALSE,FALSE,FALSE,"ebi-a-GCST005179","6","148521292",0.0042,37037,0.4371,"Homeostasis model assessment of insulin resistance || id:ebi-a-GCST005179","Homeostasis model assessment of insulin resistance","Homeostasis model assessment of insulin resistance ||  || ",TRUE,"igd",148521292,0.000450902,"6",5.79963e-18,462933,"ukb-b-19732"," || id:ukb-b-19732",TRUE,"reported","igd",2,TRUE
"76","rs9562955","T","G","T","G",0.00443888,-0.0047,0.084106,0.097,FALSE,FALSE,FALSE,"ebi-a-GCST005179","13","50811155",0.0078,37037,0.5433,"Homeostasis model assessment of insulin resistance || id:ebi-a-GCST005179","Homeostasis model assessment of insulin resistance","Homeostasis model assessment of insulin resistance ||  || ",TRUE,"igd",50811155,0.000798598,"13",2.69998e-08,462933,"ukb-b-19732"," || id:ukb-b-19732",TRUE,"reported","igd",2,TRUE
"77","rs9697210","A","G","A","G",-0.00367578,-0.024,0.145927,0.135,FALSE,FALSE,FALSE,"ebi-a-GCST005179","9","131468740",0.013,37037,0.0677907,"Homeostasis model assessment of insulin resistance || id:ebi-a-GCST005179","Homeostasis model assessment of insulin resistance","Homeostasis model assessment of insulin resistance ||  || ",TRUE,"igd",131468740,0.00062854,"9",5e-09,462933,"ukb-b-19732"," || id:ukb-b-19732",TRUE,"reported","igd",2,TRUE
"78","rs970987","A","C","A","C",-0.00390066,-0.0025,0.66298,0.336,FALSE,FALSE,FALSE,"ebi-a-GCST005179","9","21585265",0.0042,37037,0.5531,"Homeostasis model assessment of insulin resistance || id:ebi-a-GCST005179","Homeostasis model assessment of insulin resistance","Homeostasis model assessment of insulin resistance ||  || ",TRUE,"igd",21585265,0.000469713,"9",1e-16,462933,"ukb-b-19732"," || id:ukb-b-19732",TRUE,"reported","igd",2,TRUE
